SET NAMES utf8mb4; -- 強制確保使用 UTF-8 編碼寫入
CREATE TABLE `STUDENTS` (
  `student_id` integer PRIMARY KEY,
  `student_name` varchar(20) NOT NULL,
  `password` varchar(255) NOT NULL COMMENT '登入系統所需密碼#hash過的字串
',
  `unit_id` integer NOT NULL COMMENT '  ',
  `enrollment_year` integer NOT NULL COMMENT '入學學年度
'
);

CREATE TABLE `COURSES` (
  `course_id` integer,
  `semester` integer,
  `course_name` varchar(50) NOT NULL,
  `subject_id` integer NOT NULL COMMENT '  ',
  `unit_id` integer NOT NULL COMMENT '  ',
  `credits` integer NOT NULL COMMENT '學分數
',
  PRIMARY KEY (`course_id`, `semester`)
);

CREATE TABLE `STD_COURSE_HISTORY` (
  `student_id` integer,
  `course_id` integer,
  `semester` integer COMMENT '在哪個學期修的課。eg.1121代表112學年第一學期
',
  `grade` integer COMMENT '成績
',
  PRIMARY KEY (`student_id`, `course_id`, `semester`)
);

CREATE TABLE `UNITS` (
  `unit_id` integer PRIMARY KEY COMMENT '  ',
  `unit_name` varchar(20) NOT NULL,
  `college_id` integer COMMENT '該單位所屬院所(或是所屬上級單位)
'
);

CREATE TABLE `RULE` (
  `rule_id` integer PRIMARY KEY AUTO_INCREMENT,
  `rule_name` varchar(40) NOT NULL,
  `unit_id` integer NOT NULL COMMENT '  ',
  `enrollment_year` integer NOT NULL COMMENT '規則適用於哪一學年入學的學生
',
  `required_credits` integer NOT NULL COMMENT '  '
);

CREATE TABLE `CONDITION` (
  `condition_id` integer PRIMARY KEY AUTO_INCREMENT,
  `condition_name` varchar(50) NOT NULL,
  `rule_id` integer NOT NULL,
  `required_credits` integer NOT NULL,
  `max_admitted_credits` integer NOT NULL
);

CREATE TABLE `CONDITION_COURSE` (
  `condition_id` integer,
  `course_id` integer,
  `semester` integer,
  PRIMARY KEY (`condition_id`, `course_id`, `semester`)
);

CREATE TABLE `SUBJECT` (
  `subject_id` integer PRIMARY KEY AUTO_INCREMENT,
  `subject_name` varchar(50) NOT NULL
);

ALTER TABLE `STUDENTS` COMMENT = '學生
';

ALTER TABLE `COURSES` COMMENT = '開設過的課程
';

ALTER TABLE `STD_COURSE_HISTORY` COMMENT = '學生修課紀錄(學生與課程的關聯)
';

ALTER TABLE `UNITS` COMMENT = '單位，範圍包含系所、院所、通識中心等等
';

ALTER TABLE `RULE` COMMENT = '規則。ex.112學年入學資訊系必修規則(要求50學分)、111年統計系通識及體育規則(要求32學分)。
';

ALTER TABLE `CONDITION` COMMENT = '某規則下要求修的課程類別。ex. 微積分甲、群C、人文通、社會核通。人文通識要求至少三學分，超過七學分不認列；微積分甲科目要求修六學分，修超過六學分不認列；統計系群C要求修兩門課(等價於修六學分)，修超過的部分認列為選修學分。
';

ALTER TABLE `CONDITION_COURSE` COMMENT = '課程類別與課程的關聯。ex. 那些課程屬於統計系微積分甲這個課程類別。那些課程屬於人文通識；那些課程屬於統計系群C。
';

ALTER TABLE `SUBJECT` COMMENT = '那些課程屬於同一個科目(除學年課外修習相同科目不計入學分)
';

ALTER TABLE `STD_COURSE_HISTORY` ADD CONSTRAINT `taken1` FOREIGN KEY (`student_id`) REFERENCES `STUDENTS` (`student_id`);

ALTER TABLE `STD_COURSE_HISTORY` ADD CONSTRAINT `taken2` FOREIGN KEY (`course_id`, `semester`) REFERENCES `COURSES` (`course_id`, `semester`);

ALTER TABLE `STUDENTS` ADD CONSTRAINT `MAJOR` FOREIGN KEY (`unit_id`) REFERENCES `UNITS` (`unit_id`);

ALTER TABLE `UNITS` ADD CONSTRAINT `BELONG` FOREIGN KEY (`college_id`) REFERENCES `UNITS` (`unit_id`);

ALTER TABLE `COURSES` ADD CONSTRAINT `OPEN` FOREIGN KEY (`unit_id`) REFERENCES `UNITS` (`unit_id`);

ALTER TABLE `RULE` ADD FOREIGN KEY (`unit_id`) REFERENCES `UNITS` (`unit_id`);

ALTER TABLE `CONDITION` ADD FOREIGN KEY (`rule_id`) REFERENCES `RULE` (`rule_id`);

ALTER TABLE `CONDITION_COURSE` ADD FOREIGN KEY (`course_id`, `semester`) REFERENCES `COURSES` (`course_id`, `semester`);

ALTER TABLE `CONDITION_COURSE` ADD FOREIGN KEY (`condition_id`) REFERENCES `CONDITION` (`condition_id`);

ALTER TABLE `COURSES` ADD FOREIGN KEY (`subject_id`) REFERENCES `SUBJECT` (`subject_id`);

-- 以下為系統預設資料
-- 1. units
-- 學院
INSERT INTO `UNITS` (`unit_id`, `unit_name`, `college_id`) VALUES 
(1, '資訊學院', NULL),
(2, '商學院', NULL),
(3, '理學院', NULL),
(4, '文學院', NULL),
(99, '通識中心', NULL); -- 測試用

-- 系所，綁定對應的學院
INSERT INTO `UNITS` (`unit_id`, `unit_name`, `college_id`) VALUES 
(11, '資訊科學系', 1),
(12, '統計學系', 2),
(13, '應用數學系', 3),
(14, '企管系', 2),
(15, '財管系', 2),
(16, '國貿系', 2),
(17, '中文系', 4),      -- 🌟 新增中文系
(18, '歷史系', 4),      -- 🌟 新增歷史系
(19, '哲學系', 4);

-- ==========================================
-- 2. 建立科目大類 (SUBJECT)
-- 用途：定義核心科目，避免不同學期開的同名/相似課程重複採計
-- ==========================================
-- 測試用亂掰的通識課程
INSERT IGNORE INTO `SUBJECT` (`subject_id`, `subject_name`) VALUES 
-- 人文通
('901001', '哲學概論'),
('901002', '台灣文學欣賞'),
('901003', '世界歷史與文化'),
-- 社會通
('902001', '社會學導論'),
('902002', '法學緒論'),
('902003', '心理學與生活'),
-- 自然通
('903001', '宇宙與天文'),
('903002', '生命科學導論'),
('903003', '環境與生態'),
-- 中文通
('911001', '古典詩選讀'),
('911002', '現代詩選讀'),
('911003', '臺灣文學選讀'),
-- 外文通
('912001', '大學英文(一)'),
('912002', '大學英文(二)'),
('912003', '西班牙文');

INSERT INTO `SUBJECT` (`subject_id`, `subject_name`) VALUES 
-- 資科系
('703049', '計算機程式設計(一)'),
('703050', '計算機程式設計(二)'),
('703957', '計算機程式設計實習(一)'),
('703958', '計算機程式設計實習(二)'),
('703002', '線性代數'),
('703009', '物件導向程式設計'),
('703955', '物件導向程式設計實習'),
('703008', '資料結構'),
('703007', '離散數學'),
('703056', '程式能力檢定'),
('703022', '演算法'),
('703014', '數位系統導論'),
('703015', '數位系統實驗'),

-- 資科大三必修
('703017', '機率論'),
('703016', '作業系統'),
('703019', '計算機結構與組織'),

-- 資科群修 A, B, C
('703044', '資訊專題(A)'),
('703045', '資訊專題(B)'),
('703046', '資訊專題(C)'),
('703038', '人工智慧概論'),
('703039', '軟體工程概論'),
('703027', '計算機網路'),
('703025', '資料庫系統'),
('703055', '人機互動'),
('703060', '資訊安全'),
('703032', '電腦科學邏輯基礎'),
('703023', '程式語言'),
('703059', '分散式系統'),
('703053', '電腦圖學'),
('703042', '等候理論');




-- 統計系
-- ==========================================
-- 2. 建立科目大類 (SUBJECT) - 統計系專業課程
-- 統一使用課程代碼前六碼作為 subject_id
-- ==========================================
INSERT IGNORE INTO `SUBJECT` (`subject_id`, `subject_name`) VALUES 
-- 共同與核心必修
('000359', '統計學(一)'),
('000360', '統計學(二)'),
('000713', '微積分甲'),
('000714', '微積分甲'),
('304004', '線性代數'),
('000314', '初級會計學(一)'),
('304025', '機率論'),
('304008', '迴歸分析(一)'),
('304030', '程式設計與統計軟體'),
('304026', '數理統計學(一)'),
('304029', '數理統計學(二)'),
('000361', '企業倫理與社會責任'),

-- 群修：四選二
('304021', '抽樣調查方法'),
('304022', '變異數分析與實驗設計'),
('304028', '時間數列分析'),
('304023', '多變量分析'),

-- 群修：八選一
('000347', '財務管理');

-- 選修科目
INSERT IGNORE INTO `SUBJECT` (`subject_id`, `subject_name`) VALUES
('101002', '聲韻學'),
('101008', '中國文學史'),
('101025', '國學導讀'),
('101051', '中國現代小說選讀'),
('101072', '紅樓夢'),
('101777', '中國近現代學人的情理世界'),
('101852', '世說新語'),
('101003', '訓詁學'),
('101035', '老子'),
('101699', '中國戲曲發展史'),
('101041', '兩漢經學'),
('101067', '詞選'),
('101069', '曲選'),
('101811', '類型電影研究'),
('101856', '電影文學'),
('101005', '中國思想史'),
('101011', '文學概論'),
('101057', '文法學'),
('101065', '詩選'),
('101698', '文獻學'),
('103171', '歷史與記憶專題'),
('103224', '中國近世醫療史'),
('103270', '西洋藝術史'),
('103027', '近代中國婦女史'),
('103089', '中國政治制度史'),
('103112', '元明清繪畫史'),
('103200', '中世紀基督宗教史'),
('103239', '口述歷史'),
('103240', '中華人民共和國史'),
('103260', '史蹟與文化資產專題'),
('103053', '台灣史'),
('103252', '台灣近代社會文化史'),
('103255', '海洋東南亞史'),
('103261', '台灣、東亞與世界文明（一）'),
('103268', '全球宗教改革專題'),
('103409', '美國史（一）'),
('103693', '士人、鄉里與國家專題'),
('103230', '性別與近代西方世界的形成'),
('103233', '日本史'),
('103264', '歷史思惟與方法'),
('104077', '中國哲學史（二）'),
('104003', '知識論'),
('104082', '西洋哲學史（二）'),
('104169', '醫學與哲學：存在主義與存在治療'),
('104185', '榮格與現象學'),
('104205', '中國哲學的身體相關議題'),
('104206', '唯識無境：閱讀世親《唯識三十頌》'),
('104049', '邏輯'),
('104087', '藝術哲學專題研究'),
('104204', '哲學神學（二）：上帝的屬性'),
('104001', '哲學概論'),
('104002', '形上學'),
('104100', '莎士比亞與哲學'),
('104738', '奧古斯丁的《懺悔錄》'),
('104770', '鄂蘭哲學導論'),
('104006', '中國哲學史（一）'),
('104007', '西洋哲學史（一）'),
('104105', '沙特：《自我的超越》'),
('104196', '知覺與感官哲學'),
('104197', '緣起性空：閱讀龍樹《中論》');
-- 待新增

-- ==========================================
-- 3. 建立畢業規則大綱 (RULE)
-- ==========================================
INSERT INTO `RULE` (`rule_id`, `rule_name`, `unit_id`, `enrollment_year`, `required_credits`) VALUES 
(1, '111學年度資訊科學系專業必修規則', 11, 111, 39),
(2, '111學年度資訊科學系專業群修規則', 11, 111, 12),
(3, '112學年度資訊科學系專業必修規則', 11, 112, 36),
(4, '112學年度資訊科學系專業群修規則', 11, 112, 15),
(11, '111學年度統計學系專業必修規則', 12, 111, 42),
(12, '111學年度統計學系專業群修規則', 12, 111, 9),
(98, '111學年度統計系通識規則', 12, 111, 28),
(99, '111學年度資訊科學系通識規則', 11, 111, 28); -- 由於規則綁定系所、學年，同樣的通識規則需要許多筆資料，或許學年、系所不用設 not null


-- 4. CONDITION 建立規則底下的學分門檻 
INSERT INTO `CONDITION` (`condition_id`, `rule_id`, `condition_name`, `required_credits`,`max_admitted_credits`) VALUES 
-- 通識
(1, 99, '111資科人文通', 3, 7),
(2, 99, '111資科社會通', 3, 7),
(3, 99, '111資科自然通', 3, 7), -- 同樣因為通識規則綁定學年、科系、需排列組合
(4, 98, '111統計人文通', 3, 7),
(5, 98, '111統計社會通', 3, 7),
(6, 98, '111統計自然通', 3, 7),
(7, 99, '111資科中國語文', 3, 6),
(8, 99, '111資科外國語文', 6, 6),
(11, 2, '111學年度資訊科學系群修A', 6, 6),
(12, 2, '111學年度資訊科學系群修B', 3 ,3),
(13, 2, '111學年度資訊科學系群修C', 3 ,3),
(14, 98, '111統計中國語文', 3, 6),
(15, 98, '111統計外國語文', 6, 6),
(20, 11, '111學年度統計系專業必修', 42, 42),
(21, 12, '111學年度統計系群修四選二', 6, 6),
(22, 12, '111學年度統計系群修八選一', 3 ,3),
(31, 4, '112學年度資訊科學系群修A', 6, 6),
(32, 4, '112學年度資訊科學系群修B', 3, 3),
(33, 4, '112學年度資訊科學系群修C', 3, 3),
(34, 4, '112學年度資訊科學系群修D', 3, 3),
(35, 4, '112學年度資訊科學系群修E', 3, 3); -- 這邊是 B~E 須選三門但領域不重複，檢驗邏輯要注意 


-- 5. COURSES (建立學期真實開課)
-- 統計系部分
-- 匯入 1121 學期 統計學課程
INSERT IGNORE INTO `COURSES` (`course_id`, `semester`, `course_name`, `subject_id`, `unit_id`, `credits`) VALUES 
('000359021', 1121, '統計學（一）', '000359', 12, 3),
('000359031', 1121, '統計學（一）', '000359', 12, 3),
('000359041', 1121, '統計學（一）', '000359', 12, 3),
('000359061', 1121, '統計學（一）', '000359', 12, 3),
('000359071', 1121, '統計學（一）', '000359', 12, 3),
('000359201', 1121, '統計學（一）', '000359', 12, 3),
('000359221', 1121, '統計學（一）', '000359', 12, 3),
('000359051', 1121, '統計學（一）', '000359', 12, 3),
('000359081', 1121, '統計學（一）', '000359', 12, 3),
('000359211', 1121, '統計學（一）', '000359', 12, 3);
-- ('ZU1014001', 1121, '統計學（一）', 201, NULL, 3); -- 創國學院開課 課號非INT 可能要改varchar

INSERT IGNORE INTO `COURSES` (`course_id`, `semester`, `course_name`, `subject_id`, `unit_id`, `credits`) VALUES 
-- ('ZU1016001', 1122, '統計學（二）', 'ZU1016', '創國學一', 3),
('000360021', 1122, '統計學（二）', '000360', 12, 3),
('000360201', 1122, '統計學（二）', '000360', 12, 3),
('000360221', 1122, '統計學（二）', '000360', 12, 3),
('000360071', 1122, '統計學（二）', '000360', 12, 3),
('000360011', 1122, '統計學（二）', '000360', 12, 3),
('000360051', 1122, '統計學（二）', '000360', 12, 3),
('000360031', 1122, '統計學（二）', '000360', 12, 3),
('000360041', 1122, '統計學（二）', '000360', 12, 3),
('000360061', 1122, '統計學（二）', '000360', 12, 3),
('000360081', 1122, '統計學（二）', '000360', 12, 3),
('000360211', 1122, '統計學（二）', '000360', 12, 3);

-- 1121微積分
INSERT IGNORE INTO `COURSES` (`course_id`, `semester`, `course_name`, `subject_id`, `unit_id`, `credits`) VALUES 
('000713021', 1121, '微積分甲(上)', '000713', 13, 3),
('000713031', 1121, '微積分甲(上)', '000713', 13, 3),
('000714001', 1121, '微積分甲(上)', '000714', 13, 3),
('000713011', 1121, '微積分甲(上)', '000713', 13, 3);

-- 1122微積分
INSERT IGNORE INTO `COURSES` (`course_id`, `semester`, `course_name`, `subject_id`, `unit_id`, `credits`) VALUES 
('000713012', 1122, '微積分甲(下)', '000713', 13, 3),
('000713022', 1122, '微積分甲(下)', '000713', 13, 3),
('000713032', 1122, '微積分甲(下)', '000713', 13, 3);

INSERT IGNORE INTO `COURSES` (`course_id`, `semester`, `course_name`, `subject_id`, `unit_id`, `credits`) VALUES 
('304004001', 1121, '線性代數(上)', '304004', 12, 3),
('701002001', 1121, '線性代數(上)', '701002', 13, 4),
('701002011', 1121, '線性代數(上)', '701002', 13, 4);

INSERT IGNORE INTO `COURSES` (`course_id`, `semester`, `course_name`, `subject_id`, `unit_id`, `credits`) VALUES 
('701002002', 1122, '線性代數(下)', '701002', 13, 4),
('703002001', 1122, '線性代數(下)', '703002', 11, 3),
('304004002', 1122, '線性代數(下)', '304004', 12, 3),
('701002012', 1122, '線性代數(下)', '701002', 13, 4);

-- 經濟學:考慮手動加入
INSERT IGNORE INTO `COURSES` (`course_id`, `semester`, `course_name`, `subject_id`, `unit_id`, `credits`) VALUES 
('000219581', 1121, '經濟學(上)', '000219', 16, 3);

INSERT IGNORE INTO `COURSES` (`course_id`, `semester`, `course_name`, `subject_id`, `unit_id`, `credits`) VALUES 
('000219582', 1122, '經濟學(下)', '000219', 16, 3);

INSERT IGNORE INTO `COURSES` (`course_id`, `semester`, `course_name`, `subject_id`, `unit_id`, `credits`) VALUES 
('000314031', 1131, '初級會計學（一）', '000314', '風管一', 3),
('000314071', 1131, '初級會計學（一）', '000314', '金融一', 3),
('000314091', 1131, '初級會計學（一）', '000314', 12, 3), -- 統計二
('000314101', 1131, '初級會計學（一）', '000314', '資管一甲', 3),
('000314111', 1131, '初級會計學（一）', '000314', 14, 3),
('000314121', 1131, '初級會計學（一）', '000314', 14, 3),
('000314051', 1131, '初級會計學（一）', '000314', '會一甲', 3),
('000314061', 1131, '初級會計學（一）', '000314', '會一乙', 3),
('000314081', 1131, '初級會計學（一）', '000314', '國貿一乙', 3),
('000314131', 1131, '初級會計學（一) ', '000314', '資管一乙', 3),
('000314151', 1131, '初級會計學（一）', '000314', '國貿一甲', 3),
('000314021', 1131, '初級會計學（一）', '000314', '財政一甲', 3),
('000314041', 1131, '初級會計學（一）', '000314', '財管一', 3),
('000314141', 1131, '初級會計學（一）', '000314', '財政一乙', 3);

INSERT IGNORE INTO `COURSES` (`course_id`, `semester`, `course_name`, `subject_id`, `unit_id`, `credits`) VALUES 
('304025001', 1131, '機率論', '304025', 12, 3), -- 統計系
('701006001', 1131, '機率論', '701006', 13, 3),
('703017001', 1131, '機率論', '703017', 11, 3),
('751032001', 1131, '高等機率論', '751032', 13, 3); 

INSERT IGNORE INTO `COURSES` (`course_id`, `semester`, `course_name`, `subject_id`, `unit_id`, `credits`) VALUES 
('304008001', 1132, '迴歸分析（一）', '304008', 12, 3);

INSERT IGNORE INTO `COURSES` (`course_id`, `semester`, `course_name`, `subject_id`, `unit_id`, `credits`) VALUES 
('304030001', 1131, '程式設計與統計軟體', '304030', 12, 3);

INSERT IGNORE INTO `COURSES` (`course_id`, `semester`, `course_name`, `subject_id`, `unit_id`, `credits`) VALUES 
('304026001', 1132, '數理統計學（一）', '304026', 12, 3);

INSERT IGNORE INTO `COURSES` (`course_id`, `semester`, `course_name`, `subject_id`, `unit_id`, `credits`) VALUES 
('304029001', 1141, '數理統計學（二）', '304029', 12, 3); -- 統計三

INSERT IGNORE INTO `COURSES` (`course_id`, `semester`, `course_name`, `subject_id`, `unit_id`, `credits`) VALUES 
('304021011', 1141, '抽樣調查方法', '304021', 12, 3);

INSERT IGNORE INTO `COURSES` (`course_id`, `semester`, `course_name`, `subject_id`, `unit_id`, `credits`) VALUES 
('304022011', 1141, '變異數分析與實驗設計', '304022', 12, 3);

INSERT IGNORE INTO `COURSES` (`course_id`, `semester`, `course_name`, `subject_id`, `unit_id`, `credits`) VALUES 
('304028011', 1142, '時間數列分析', '304028', 12, 3), -- 統計系大三群修
('354707001', 1142, '時間數列分析', '354707', 12, 3); -- 統計所選修

INSERT IGNORE INTO `COURSES` (`course_id`, `semester`, `course_name`, `subject_id`, `unit_id`, `credits`) VALUES 
('304023011', 1142, '多變量分析', '304023', 12, 3), -- 統計系大三群修
('354939001', 1142, '多變量分析', '354939', 12, 3); -- 統計所選修

INSERT IGNORE INTO `COURSES` (`course_id`, `semester`, `course_name`, `subject_id`, `unit_id`, `credits`) VALUES 
('000361001', 1141, '企業倫理與社會責任', '000361', 14, 1),
('000361031', 1141, '企業倫理與社會責任', '000361', 14, 1),
('000361011', 1141, '企業倫理與社會責任', '000361', 14, 1), 
('000361021', 1141, '企業倫理與社會責任', '000361', 14, 1), 
('000361041', 1141, '企業倫理與社會責任', '000361', 14, 1), 
('000361051', 1141, '企業倫理與社會責任', '000361', 14, 1); 

-- 統計八選一課程 先只放財務管理 待新增
INSERT IGNORE INTO `COURSES` (`course_id`, `semester`, `course_name`, `subject_id`, `unit_id`, `credits`) VALUES 
('000347001', 1141, '財務管理', '000347', 15, 3), -- 周冠男老師班
('000347041', 1141, '財務管理', '000347', 15, 3), -- 盧敬植老師班
('000347051', 1141, '財務管理', '000347', 15, 3), -- 邱健嘉老師班 (EMI)
('000347081', 1141, '財務管理', '000347', 15, 3), -- 郭維裕老師班
('000347101', 1141, '財務管理', '000347', 15, 3), -- 蔡政憲老師班
('000347121', 1141, '財務管理', '000347', 15, 3), -- 林基煌、屠美亞老師班
('000347061', 1141, '財務管理', '000347', 15, 3), -- 車倫周老師班 (EMI)
('000347071', 1141, '財務管理', '000347', 15, 3); -- 車倫周老師另一班 (EMI)

-- 資科系部分
-- 必修
-- 大一
-- 111學年度上學期 (1111) 微積分甲(上)
INSERT IGNORE INTO `COURSES` (`course_id`, `semester`, `course_name`, `subject_id`, `unit_id`, `credits`) VALUES 
('000713001', 1111, '微積分甲(上)', '000713', 13, 3), -- 張宜武老師班 (資科優先) -> 13
('000713011', 1111, '微積分甲(上)', '000713', 13, 3), -- 洪芷漪老師班 (國貿優先) -> 13
('000713031', 1111, '微積分甲(上)', '000713', 13, 3), -- 陳隆奇老師班 (統計優先) -> 13
('000713041', 1111, '微積分甲(上)', '000713', 13, 3), -- 俞讚城老師班 (地政優先) -> 13
('000713051', 1111, '微積分甲(上)', '000713', 13, 3), -- 林俊良老師班 (金融優先) -> 13
('000713021', 1111, '微積分甲(上)', '000713', 13, 3); -- 曾睿彬老師班 (國貿優先) -> 13
-- ===========================================================================
-- 111學年度下學期 (1112) 微積分甲(下)
INSERT IGNORE INTO `COURSES` (`course_id`, `semester`, `course_name`, `subject_id`, `unit_id`, `credits`) VALUES 
('000713002', 1112, '微積分甲(下)', '000713', 13, 3), -- 張宜武老師班 (資科優先) -> 13
('000713012', 1112, '微積分甲(下)', '000713', 13, 3), -- 洪芷漪老師班 (國貿優先) -> 13
('000713022', 1112, '微積分甲(下)', '000713', 13, 3), -- 曾睿彬老師班 (國貿優先) -> 13
('000713032', 1112, '微積分甲(下)', '000713', 13, 3), -- 陳隆奇老師班 (統計優先) -> 13
('000713052', 1112, '微積分甲(下)', '000713', 13, 3), -- 林俊良老師班 (金融優先) -> 13
('000713042', 1112, '微積分甲(下)', '000713', 13, 3); -- 俞讚城老師班 (地政優先) -> 13
-- ===========================================================================
INSERT IGNORE INTO `COURSES` (`course_id`, `semester`, `course_name`, `subject_id`, `unit_id`, `credits`) VALUES 
('703957001', 1111, '計算機程式設計實習（一）', '703957', 11, 0), -- 資科一 -> 11
('703049001', 1111, '計算機程式設計（一）', '703049', 11, 3),    -- 資科一 -> 11
('703050001', 1112, '計算機程式設計（二）', '703050', 11, 3),    -- 資科一 -> 11
('703958001', 1112, '計算機程式設計實習（二）', '703958', 11, 0); -- 資科一 -> 11

INSERT IGNORE INTO `COURSES` (`course_id`, `semester`, `course_name`, `subject_id`, `unit_id`, `credits`) VALUES 
('703002001', 1112, '線性代數', '703002', 11, 3), -- 左瑞麟老師班 (資科一 -> 11, 3學分)

-- 大二必修
('703009001', 1121, '物件導向程式設計', '703009', 11, 3),    -- 資訊二 -> 11
('703955001', 1121, '物件導向程式設計實習', '703955', 11, 0), -- 資訊二 -> 11
('703008001', 1121, '資料結構', '703008', 11, 3),    -- 資訊二 -> 11
('703007001', 1121, '離散數學', '703007', 11, 3),    -- 資訊二 -> 11
('703056001', 1122, '程式能力檢定', '703056', 11, 0), -- 資訊二資訊三資訊四 -> 11
('703022001', 1122, '演算法', '703022', 11, 3),    -- 資訊二 -> 11
('703015001', 1122, '數位系統實驗', '703015', 11, 0), -- 資訊二 -> 11
('703014001', 1122, '數位系統導論', '703014', 11, 3), -- 資訊二 -> 11

-- 大三
('703016001', 1131, '作業系統', '703016', 11, 3), -- 資訊三 -> 11
('703019001', 1131, '計算機結構與組織', '703019', 11, 3); -- 資訊三 -> 11

-- ===========================================================================
-- 111群A
-- ===========================================================================
INSERT IGNORE INTO `COURSES` (`course_id`, `semester`, `course_name`, `subject_id`, `unit_id`, `credits`) VALUES 
('703044001', 1132, '資訊專題（A）', '703044', '11', 3),
('703046001', 1132, '資訊專題（C）', '703046', '11', 3),
('703044031', 1132, '資訊專題（A）', '703044', '11', 3),
('703044011', 1132, '資訊專題（A）', '703044', '11', 3),
('703044021', 1132, '資訊專題（A）', '703044', '11', 3),
('703045001', 1141, '資訊專題（B）', '703045', '11', 3),
('703045021', 1141, '資訊專題（B）', '703045', '11', 3),
('703045011', 1141, '資訊專題（B）', '703045', '11', 3),
('703045031', 1141, '資訊專題（B）', '703045', '11', 3);

-- ===========================================================================
-- 群B
-- ===========================================================================
INSERT IGNORE INTO `COURSES` (`course_id`, `semester`, `course_name`, `subject_id`, `unit_id`, `credits`) VALUES 
('703038001', 1132, '人工智慧概論', '703038', 11, 3),    -- 資訊三資訊四 -> 11
('703027001', 1131, '計算機網路', '703027', 11, 3),    -- 資訊三資訊四 -> 11
('703039001', 1132, '軟體工程概論', '703039', 11, 3),    -- 資訊三資訊四 -> 11
('703055001', 1131, '人機互動', '703055', 11, 3),    -- 資訊三資訊四 -> 11
('703025001', 1131, '資料庫系統', '703025', 11, 3),    -- 資訊三資訊四 -> 11
('703060001', 1131, '資訊安全', '703060', 11, 3);   -- 資訊三資訊四 -> 11

-- ===========================================================================
-- 群C
-- ===========================================================================
INSERT IGNORE INTO `COURSES` (`course_id`, `semester`, `course_name`, `subject_id`, `unit_id`, `credits`) VALUES 
('703023001', 1112, '程式語言', '703023', 11, 3),          -- 資科三 -> 11
('703032001', 1121, '電腦科學邏輯基礎', '703032', 11, 3),  -- 資訊三資訊四 -> 11
('703059001', 1132, '分散式系統', '703059', 11, 3),          -- 資訊三資訊四 -> 11
('703053001', 1132, '電腦圖學', '703053', 11, 3),          -- 資訊三資訊四 -> 11
('703042001', 1132, '等候理論', '703042', 11, 3);          -- 資訊三資訊四 -> 11


INSERT IGNORE INTO `COURSES` (`course_id`, `semester`, `course_name`, `subject_id`, `unit_id`, `credits`) VALUES 
('911001001', 1141, '古典詩選讀', '911001', '99', 3),
('911002001', 1142, '現代詩選讀', '911002', '99', 3),
('911003001', 1131, '臺灣文學選讀', '911003', '99', 3),
('912001001', 1132, '大學英文(一)', '912001', '99', 3),
('912002001', 1121, '大學英文(二)', '912002', '99', 3),
('912003001', 1122, '西班牙文', '912003', '99', 3),

-- 🌻 人文通識 (Condition 4)
('901001001', 1121, '哲學概論', '901001', 99, 3),
('901002001', 1122, '台灣文學欣賞', '901002', 99, 2),
('901003001', 1131, '世界歷史與文化', '901003', 99, 2),

-- 🤝 社會通識 (Condition 5)
('902001001', 1121, '社會學導論', '902001', 99, 3),
('902002001', 1122, '法學緒論', '902002', 99, 2),
('902003001', 1131, '心理學與生活', '902003', 99, 2),

-- 🌲 自然通識 (Condition 6)
('903001001', 1121, '宇宙與天文', '903001', 99, 3),
('903002001', 1122, '生命科學導論', '903002', 99, 2),
('903003001', 1131, '環境與生態', '903003', 99, 2);

-- 選修課
INSERT IGNORE INTO `COURSES` (`course_id`, `semester`, `course_name`, `subject_id`, `unit_id`, `credits`) VALUES 
('101002011', 1141, '聲韻學', '101002', '17', 3),
('101008011', 1141, '中國文學史', '101008', '17', 3),
('101025001', 1141, '國學導讀', '101025', '17', 3),
('101051011', 1141, '中國現代小說選讀', '101051', '17', 3),
('101072001', 1141, '紅樓夢', '101072', '17', 3),
('101777001', 1141, '中國近現代學人的情理世界', '101777', '17', 3),
('101852001', 1141, '世說新語', '101852', '17', 3),
('101003001', 1141, '訓詁學', '101003', '17', 3),
('101035001', 1141, '老子', '101035', '17', 3),
('101699001', 1141, '中國戲曲發展史', '101699', '17', 3),
('101041001', 1142, '兩漢經學', '101041', '17', 3),
('101067011', 1142, '詞選', '101067', '17', 3),
('101069011', 1142, '曲選', '101069', '17', 3),
('101811001', 1142, '類型電影研究', '101811', '17', 3),
('101856001', 1142, '電影文學', '101856', '17', 3),
('101005022', 1142, '中國思想史', '101005', '17', 3),
('101011001', 1142, '文學概論', '101011', '17', 3),
('101057001', 1142, '文法學', '101057', '17', 3),
('101065021', 1142, '詩選', '101065', '17', 3),
('101698001', 1142, '文獻學', '101698', '17', 3);

INSERT IGNORE INTO `COURSES` (`course_id`, `semester`, `course_name`, `subject_id`, `unit_id`, `credits`) VALUES 
('103171001', 1132, '歷史與記憶專題', '103171', '18', 3),
('103224001', 1132, '中國近世醫療史', '103224', '18', 3),
('103270001', 1132, '西洋藝術史', '103270', '18', 2),
('103027001', 1132, '近代中國婦女史', '103027', '18', 3),
('103089001', 1132, '中國政治制度史', '103089', '18', 3),
('103112001', 1132, '元明清繪畫史', '103112', '18', 3),
('103200001', 1132, '中世紀基督宗教史', '103200', '18', 3),
('103239001', 1132, '口述歷史', '103239', '18', 3),
('103240001', 1132, '中華人民共和國史', '103240', '18', 3),
('103260001', 1132, '史蹟與文化資產專題', '103260', '18', 3),
('103053001', 1131, '台灣史', '103053', '18', 3),
('103252001', 1131, '台灣近代社會文化史', '103252', '18', 3),
('103255001', 1131, '海洋東南亞史', '103255', '18', 3),
('103261001', 1131, '台灣、東亞與世界文明（一）', '103261', '18', 3),
('103268001', 1131, '全球宗教改革專題', '103268', '18', 3),
('103409001', 1131, '美國史（一）', '103409', '18', 2),
('103693001', 1131, '士人、鄉里與國家專題', '103693', '18', 3),
('103230001', 1131, '性別與近代西方世界的形成', '103230', '18', 3),
('103233001', 1131, '日本史', '103233', '18', 3),
('103264001', 1131, '歷史思惟與方法', '103264', '18', 3);

INSERT IGNORE INTO `COURSES` (`course_id`, `semester`, `course_name`, `subject_id`, `unit_id`, `credits`) VALUES 
('104077001', 1122, '中國哲學史（二）', '104077', '19', 3),
('104003001', 1122, '知識論', '104003', '19', 3),
('104082001', 1122, '西洋哲學史（二）', '104082', '19', 3),
('104169121', 1122, '醫學與哲學：存在主義與存在治療', '104169', '19', 3),
('104185111', 1122, '榮格與現象學', '104185', '19', 3),
('104205001', 1122, '中國哲學的身體相關議題', '104205', '19', 3),
('104206001', 1122, '唯識無境：閱讀世親《唯識三十頌》', '104206', '19', 3),
('104049001', 1122, '邏輯', '104049', '19', 3),
('104087121', 1122, '藝術哲學專題研究', '104087', '19', 3),
('104204001', 1122, '哲學神學（二）：上帝的屬性', '104204', '19', 3),
('104001001', 1121, '哲學概論', '104001', '19', 3),
('104002001', 1121, '形上學', '104002', '19', 3),
('104100121', 1121, '莎士比亞與哲學', '104100', '19', 3),
('104738001', 1121, '奧古斯丁的《懺悔錄》', '104738', '19', 3),
('104770001', 1121, '鄂蘭哲學導論', '104770', '19', 2),
('104006001', 1121, '中國哲學史（一）', '104006', '19', 3),
('104007001', 1121, '西洋哲學史（一）', '104007', '19', 3),
('104105121', 1121, '沙特：《自我的超越》', '104105', '19', 3),
('104196001', 1121, '知覺與感官哲學', '104196', '19', 3),
('104197001', 1121, '緣起性空：閱讀龍樹《中論》', '104197', '19', 3);

-- 6. CONDITION_COURSE (把課程丟進對應的籃子)
-- INSERT INTO `CONDITION_COURSE` (`condition_id`, `course_id`, `semester`) VALUES 
-- (11, '???', 1121), -- 屬於資科系群修A
-- (12, '???', 1121), -- 屬於資科系群修B
-- (13, '???', 1121); -- 屬於資科系群修C
-- 112統計系群修4選2
-- 112統計系8選一 先只放財務管理
-- 待新增
-- ==========================================
-- 6. CONDITION_COURSE (把統計系課程丟進對應的畢業條件籃子)
-- ==========================================
-- 🎯 【群修 四選二】(Condition 21)
INSERT IGNORE INTO `CONDITION_COURSE` (`condition_id`, `course_id`, `semester`) VALUES 
(21, '304021011', 1141), -- 抽樣調查
(21, '304022011', 1141), -- 變異數分析
(21, '304028011', 1142), -- 時間數列 (大三)
(21, '354707001', 1142), -- 時間數列 (碩班)
(21, '304023011', 1142), -- 多變量分析 (大三)
(21, '354939001', 1142); -- 多變量分析 (碩班)

-- 🎯 【群修 八選一】(Condition 22) - 財務管理
INSERT IGNORE INTO `CONDITION_COURSE` (`condition_id`, `course_id`, `semester`) VALUES 
(22, '000347001', 1141), (22, '000347041', 1141), (22, '000347051', 1141),
(22, '000347061', 1141), (22, '000347071', 1141), (22, '000347081', 1141),
(22, '000347101', 1141), (22, '000347121', 1141), (22, '070153001', 1141);

-- 把新開的課程丟進中/英文的籃子裡
INSERT IGNORE INTO `CONDITION_COURSE` (`condition_id`, `course_id`, `semester`) VALUES 
-- 資科系籃子
(7, '911001001', 1141), (7, '911002001', 1142), (7, '911003001', 1131),
(8, '912001001', 1132), (8, '912002001', 1121), (8, '912003001', 1122),
-- 統計系籃子
(14, '911001001', 1141), (14, '911002001', 1142), (14, '911003001', 1131),
(15, '912001001', 1132), (15, '912002001', 1121), (15, '912003001', 1122);

-- 🎯 【專業必修】(Condition 20) - 大一到大三所有的必修
INSERT IGNORE INTO `CONDITION_COURSE` (`condition_id`, `course_id`, `semester`) VALUES 
-- 統計學(一)、(二)
(20, '000359021', 1121), (20, '000359031', 1121), (20, '000359041', 1121), (20, '000359061', 1121), 
(20, '000359071', 1121), (20, '000359201', 1121), (20, '000359221', 1121), (20, '000359051', 1121), 
(20, '000359081', 1121), (20, '000359211', 1121), (20, '000360021', 1122), (20, '000360201', 1122), 
(20, '000360221', 1122), (20, '000360071', 1122), (20, '000360011', 1122), (20, '000360051', 1122), 
(20, '000360031', 1122), (20, '000360041', 1122), (20, '000360061', 1122), (20, '000360081', 1122), 
(20, '000360211', 1122),
-- 微積分甲
(20, '000713021', 1121), (20, '000713031', 1121), (20, '000714001', 1121), (20, '000713011', 1121),
(20, '000713012', 1122), (20, '000713022', 1122), (20, '000713032', 1122),
-- 線性代數
(20, '304004001', 1121), (20, '701002001', 1121), (20, '701002011', 1121), (20, '701002002', 1122), 
(20, '703002001', 1122), (20, '304004002', 1122), (20, '701002012', 1122),
-- 初級會計學(一)
(20, '000314031', 1131), (20, '000314071', 1131), (20, '000314091', 1131), (20, '000314101', 1131), 
(20, '000314111', 1131), (20, '000314121', 1131), (20, '000314051', 1131), (20, '000314061', 1131), 
(20, '000314081', 1131), (20, '000314131', 1131), (20, '000314151', 1131), (20, '000314021', 1131), 
(20, '000314041', 1131), (20, '000314141', 1131),
-- 統計系二三年級核心必修 (機率, 迴歸, 程式設計, 數統, 企業倫理)
(20, '304025001', 1131), (20, '701006001', 1131), (20, '703017001', 1131), (20, '751032001', 1131), 
(20, '304025001', 1141), (20, '304008001', 1132), (20, '304030001', 1131), (20, '304026001', 1132), 
(20, '304029001', 1141), (20, '000361001', 1141), (20, '000361031', 1141), (20, '000361011', 1141), 
(20, '000361021', 1141), (20, '000361041', 1141), (20, '000361051', 1141);

-- 資科系
-- 111 資訊科學系專業必修：39 學分
-- condition_id = 10
INSERT INTO `CONDITION` (`condition_id`, `rule_id`, `condition_name`, `required_credits`, `max_admitted_credits`) VALUES
(10, 1, '111學年度資訊科學系專業必修', 39, 39);

INSERT IGNORE INTO `CONDITION_COURSE` (`condition_id`, `course_id`, `semester`) VALUES
-- 微積分甲(上)
(10, '000713001', 1111),
(10, '000713011', 1111),
(10, '000713021', 1111),
(10, '000713031', 1111),
(10, '000713041', 1111),
(10, '000713051', 1111),

-- 微積分甲(下)
(10, '000713002', 1112),
(10, '000713012', 1112),
(10, '000713022', 1112),
(10, '000713032', 1112),
(10, '000713042', 1112),
(10, '000713052', 1112),

-- 計算機程式設計（一）（二）
(10, '703049001', 1111),
(10, '703050001', 1112),

-- 計算機程式設計實習（一）（二）0 學分
(10, '703957001', 1111),
(10, '703958001', 1112),

-- 線性代數
(10, '703002001', 1112),

-- 物件導向程式設計
(10, '703009001', 1121),

-- 物件導向程式設計實習 0 學分
(10, '703955001', 1121),

-- 資料結構
(10, '703008001', 1121),

-- 離散數學
(10, '703007001', 1121),

-- 程式能力檢定 0 學分
(10, '703056001', 1122),

-- 演算法
(10, '703022001', 1122),

-- 數位系統實驗 0 學分
(10, '703015001', 1122),

-- 數位系統導論
(10, '703014001', 1122),

-- 機率論
(10, '703017001', 1131),

-- 作業系統
(10, '703016001', 1131),

-- 計算機結構與組織
(10, '703019001', 1131);

-- 111 資訊科學系群修 A：整合應用類核心課程
-- 規則：至少 2 門 / 6 學分
-- condition_id = 11
INSERT IGNORE INTO `CONDITION_COURSE` (`condition_id`, `course_id`, `semester`) VALUES
(11, '703044001', 1132), -- 資訊專題(A)
(11, '703044031', 1132), -- 資訊專題(A)
(11, '703044011', 1132), -- 資訊專題(A)
(11, '703044021', 1132), -- 資訊專題(A)
(11, '703045001', 1141), -- 資訊專題(B)
(11, '703045021', 1141), -- 資訊專題(B)
(11, '703045011', 1141), -- 資訊專題(B)
(11, '703045031', 1141), -- 資訊專題(B)
(11, '703046001', 1132); -- 資訊專題(C)

-- 111 資訊科學系群修 B：系統類核心課程
-- 規則：至少 1 門 / 3 學分
-- condition_id = 12
INSERT IGNORE INTO `CONDITION_COURSE` (`condition_id`, `course_id`, `semester`) VALUES
(12, '703038001', 1132), -- 人工智慧概論
(12, '703039001', 1132), -- 軟體工程概論
(12, '703027001', 1131), -- 計算機網路
(12, '703025001', 1131), -- 資料庫系統
(12, '703055001', 1131), -- 人機互動
(12, '703060001', 1131); -- 資訊安全

-- 111 資訊科學系群修 C：理論類核心課程
-- 規則：至少 1 門 / 3 學分
-- condition_id = 13
INSERT IGNORE INTO `CONDITION_COURSE` (`condition_id`, `course_id`, `semester`) VALUES
(13, '703032001', 1121), -- 電腦科學邏輯基礎
(13, '703023001', 1112), -- 程式語言
(13, '703059001', 1132), -- 分散式系統
(13, '703053001', 1132), -- 電腦圖學
(13, '703042001', 1132); -- 等候理論

INSERT IGNORE INTO `CONDITION_COURSE` (`condition_id`, `course_id`, `semester`) VALUES 
-- 🎯 【111統計人文通】(Condition 4)
(4, '901001001', 1121),
(4, '901002001', 1122),
(4, '901003001', 1131),

-- 🎯 【111統計社會通】(Condition 5)
(5, '902001001', 1121),
(5, '902002001', 1122),
(5, '902003001', 1131),

-- 🎯 【111統計自然通】(Condition 6)
(6, '903001001', 1121),
(6, '903002001', 1122),
(6, '903003001', 1131);

INSERT IGNORE INTO `CONDITION_COURSE` (`condition_id`, `course_id`, `semester`) VALUES 
-- 🎯 【111資科人文通】(Condition 1)
(1, '901001001', 1121),
(1, '901002001', 1122),
(1, '901003001', 1131),

-- 🎯 【111資科社會通】(Condition 2)
(2, '902001001', 1121),
(2, '902002001', 1122),
(2, '902003001', 1131),

-- 🎯 【111資科自然通】(Condition 3)
(3, '903001001', 1121),
(3, '903002001', 1122),
(3, '903003001', 1131);
 
-- 7. 建立測試學生 (STUDENTS)
INSERT INTO `STUDENTS` (`student_id`, `student_name`, `password`, `unit_id`, `enrollment_year`) VALUES 
(112304099, '王曉明', '$2a$12$1vLs3.SZ//ZsFRgZZQ79hevQTNrePcdDrUgdqIMpjKCBwwX6wSwVa'
, 12, 112);

INSERT INTO `STUDENTS` (`student_id`, `student_name`, `password`, `unit_id`, `enrollment_year`) VALUES 
(111703099, '王大明', '$2a$12$1vLs3.SZ//ZsFRgZZQ79hevQTNrePcdDrUgdqIMpjKCBwwX6wSwVa'
, 11, 111);

-- 8. 建立修課紀錄 (STD_COURSE_HISTORY)
INSERT INTO `STD_COURSE_HISTORY` (`student_id`, `course_id`, `semester`, `grade`) VALUES 
(112304099, 000359021, 1121, 85); -- 統計學(一) (過關)

INSERT INTO `STD_COURSE_HISTORY` (`student_id`, `course_id`, `semester`, `grade`) VALUES 
(111703099, 000359021, 1121, 100); -- 統計學(一) (過關)

-- 新增測試學生：張三 (111學年度，統計學系 unit_id = 12)
INSERT INTO `STUDENTS` (`student_id`, `student_name`, `password`, `unit_id`, `enrollment_year`) VALUES 
(111304001, '張三', '$2a$12$1vLs3.SZ//ZsFRgZZQ79hevQTNrePcdDrUgdqIMpjKCBwwX6wSwVa', 12, 111);

-- 幫張三灌入完美的修課紀錄 (直接滿足各大畢業條件)
INSERT IGNORE INTO `STD_COURSE_HISTORY` (`student_id`, `course_id`, `semester`, `grade`) VALUES 
-- 🎯 1. 專業必修 (Condition 20)
(111304001, '000359021', 1121, 85), -- 統計學(一)
(111304001, '000360021', 1122, 88), -- 統計學(二)
(111304001, '000713021', 1121, 75), -- 微積分甲(上)
(111304001, '000713012', 1122, 78), -- 微積分甲(下)
(111304001, '304004001', 1121, 90), -- 線性代數(上)
(111304001, '304004002', 1122, 92), -- 線性代數(下)
(111304001, '000314091', 1131, 80), -- 初級會計學(一)
(111304001, '304025001', 1131, 70), -- 機率論
(111304001, '304008001', 1132, 85), -- 迴歸分析(一)
(111304001, '304030001', 1131, 88), -- 程式設計與統計軟體
(111304001, '304026001', 1132, 65), -- 數理統計學(一)
(111304001, '304029001', 1141, 68), -- 數理統計學(二)
(111304001, '000361001', 1141, 95), -- 企業倫理與社會責任
(111304001, '000219581', 1121, 95), -- 經濟學(上)
(111304001, '000219582', 1122, 95), -- 經濟學(下)

(111304001, '911001001', 1141, 85), -- 古典詩選讀 (3學分)
(111304001, '912001001', 1132, 88), -- 大學英文(一) (3學分)
(111304001, '912002001', 1121, 90), -- 大學英文(二) (3學分)

(111304001, '103171001', 1132, 83), -- 歷史與記憶專題 (3學分)
(111304001, '103224001', 1132, 86), -- 中国近世医疗史 (3學分)
(111304001, '103270001', 1132, 91), -- 西洋藝術史 (2學分)
(111304001, '103027001', 1132, 87), -- 近代中國婦女史 (3學分)
(111304001, '103053001', 1131, 89), -- 台灣史 (3學分)

(111304001, '104077001', 1122, 90), -- 中國哲學史（二） (3學分)
(111304001, '104003001', 1122, 84), -- 知識論 (3學分)
(111304001, '104082001', 1122, 85), -- 西洋哲學史（二） (3學分)
(111304001, '104049001', 1122, 95), -- 邏輯 (3學分)
(111304001, '104001001', 1121, 88), -- 哲學概論 (3學分)



-- 🎯 2. 群修：四選二 (Condition 21)
(111304001, '304021011', 1141, 82), -- 抽樣調查方法
(111304001, '304022011', 1141, 84), -- 變異數分析與實驗設計

-- 🎯 3. 群修：八選一 (Condition 22)
(111304001, '000347001', 1141, 89), -- 財務管理

-- 🎯 4. 通識課程 (Condition 4, 5, 6)
(111304001, '902001001', 1121, 85), -- 社會通：社會學導論 (3學分)
(111304001, '903001001', 1121, 80), -- 自然通：宇宙與天文 (3學分)
(111304001, '901002001', 1122, 78), -- 台灣文學欣賞 (2學分)
(111304001, '902003001', 1131, 30), -- 心理學與生活 (2學分)
(111304001, '903002001', 1122, 50), -- 生命科學導論 (2學分)
(111304001, '903003001', 1131, 87); -- 環境與生態 (2學分)


-- 新增測試學生：111 資科系學生（unit_id = 11, enrollment_year = 111）
INSERT INTO `STUDENTS` (`student_id`, `student_name`, `password`, `unit_id`, `enrollment_year`) VALUES
(111703001, '李四', '$2a$12$1vLs3.SZ//ZsFRgZZQ79hevQTNrePcdDrUgdqIMpjKCBwwX6wSwVa', 11, 111);

-- 111 資科系：修完專業必修、群修 A/B/C、一般通識三領域
INSERT IGNORE INTO `STD_COURSE_HISTORY` (`student_id`, `course_id`, `semester`, `grade`) VALUES
-- 專業必修
(111703001, '000713001', 1111, 85), -- 微積分甲(上)
(111703001, '000713002', 1112, 88), -- 微積分甲(下)
(111703001, '703049001', 1111, 90), -- 計算機程式設計（一）
(111703001, '703050001', 1112, 92), -- 計算機程式設計（二）
(111703001, '703957001', 1111, 95), -- 計算機程式設計實習（一）
(111703001, '703958001', 1112, 95), -- 計算機程式設計實習（二）
(111703001, '703002001', 1112, 60), -- 線性代數
(111703001, '703009001', 1121, 87), -- 物件導向程式設計
(111703001, '703955001', 1121, 95), -- 物件導向程式設計實習
(111703001, '703008001', 1121, 89), -- 資料結構
(111703001, '703007001', 1121, 84), -- 離散數學
(111703001, '703056001', 1122, 100), -- 程式能力檢定
(111703001, '703022001', 1122, 88), -- 演算法
(111703001, '703015001', 1122, 96), -- 數位系統實驗
(111703001, '703014001', 1122, 85), -- 數位系統導論
(111703001, '703017001', 1131, 83), -- 機率論
(111703001, '703016001', 1131, 86), -- 作業系統
(111703001, '703019001', 1131, 87), -- 計算機結構與組織

(111703001, '703038001', 1132, 90), -- 人工智慧概論 (3學分)
(111703001, '703039001', 1132, 88), -- 軟體工程概論 (3學分)
(111703001, '703027001', 1131, 85), -- 計算機網路 (3學分)
(111703001, '703055001', 1131, 92), -- 人機互動 (3學分)
(111703001, '703060001', 1131, 87), -- 資訊安全 (3學分)
(111703001, '703023001', 1112, 89), -- 程式語言 (3學分)
(111703001, '703059001', 1132, 84), -- 分散式系統 (3學分)
(111703001, '703053001', 1132, 95), -- 電腦圖學 (3學分)
(111703001, '703042001', 1132, 80), -- 等候理論 (3學分)

(111703001, '101002011', 1141, 88), -- 聲韻學 (3學分)
(111703001, '101008011', 1141, 85), -- 中國文學史 (3學分)
(111703001, '101072001', 1141, 92), -- 紅樓夢 (3學分)
(111703001, '101852001', 1141, 90), -- 世說新語 (3學分)
(111703001, '103171001', 1132, 86), -- 歷史與記憶專題 (3學分)
(111703001, '103053001', 1131, 89), -- 台灣史 (3學分)
(111703001, '103233001', 1131, 95), -- 日本史 (3學分)
(111703001, '103240001', 1132, 84), -- 中華人民共和國史 (3學分)
(111703001, '104003001', 1122, 88), -- 知識論 (3學分)
(111703001, '104049001', 1122, 96), -- 邏輯 (3學分)
(111703001, '104001001', 1121, 87), -- 哲學概論 (3學分)
(111703001, '104002001', 1121, 82), -- 形上學 (3學分)
(111703001, '104196001', 1121, 91), -- 知覺與感官哲學 (3學分)

-- 群修 A：至少 2 門 / 6 學分
(111703001, '703044001', 1132, 90), -- 資訊專題(A)
(111703001, '703045001', 1141, 91), -- 資訊專題(B)

-- 群修 B：至少 1 門 / 3 學分
(111703001, '703025001', 1131, 88), -- 資料庫系統

-- 群修 C：至少 1 門 / 3 學分
(111703001, '703032001', 1121, 86), -- 電腦科學邏輯基礎

(111703001, '911001001', 1141, 88), -- 古典詩選讀 (3學分)
(111703001, '911003001', 1131, 92), -- 臺灣文學選讀 (3學分) -> 中文滿 6 分，到達上限
(111703001, '912001001', 1132, 85), -- 大學英文(一) (3學分)
(111703001, '912002001', 1121, 89), -- 大學英文(二) (3學分)
(111703001, '912003001', 1122, 95), -- 西班牙文 (3學分) -> 外文修了 9 分，多出來的 3 分會溢出！

-- 通識三領域
(111703001, '901001001', 1121, 90), -- 人文通：哲學概論
(111703001, '902001001', 1121, 88), -- 社會通：社會學導論
(111703001, '903001001', 1121, 87), -- 自然通：宇宙與天文
(111703001, '901002001', 1122, 92), -- 台灣文學欣賞 (2學分)
(111703001, '901003001', 1131, 88), -- 世界歷史與文化 (2學分)
(111703001, '902002001', 1122, 85), -- 法學緒論 (2學分)
(111703001, '902003001', 1131, 95), -- 心理學與生活 (2學分)
(111703001, '903002001', 1122, 90), -- 生命科學導論 (2學分)
(111703001, '903003001', 1131, 87); -- 環境與生態 (2學分)